STATION_NAME,LINE_NAME,LATITUDE,LONGITUDE
다대포해수욕장,부산 도시철도 1호선,35.048229,128.965919
다대포항,부산 도시철도 1호선,35.057288,128.971151
낫개,부산 도시철도 1호선,35.065179,128.979702
신장림,부산 도시철도 1호선,35.074222,128.976538
장림,부산 도시철도 1호선,35.081555,128.9773083
동매,부산 도시철도 1호선,35.089819,128.974029
신평,부산 도시철도 1호선,35.09556,128.96056
하단,부산 도시철도 1호선,35.10611,128.96667
당리,부산 도시철도 1호선,35.10333,128.97417
사하,부산 도시철도 1호선,35.09972,128.98333
괴정,부산 도시철도 1호선,35.1,128.9925
대티,부산 도시철도 1호선,35.10306,128.99972
서대신,부산 도시철도 1호선,35.11083,129.01194
동대신,부산 도시철도 1호선,35.11056,129.01757
토성,부산 도시철도 1호선,35.10083,129.01972
자갈치,부산 도시철도 1호선,35.0975,129.02694
남포,부산 도시철도 1호선,35.09778,129.03472
중앙,부산 도시철도 1호선,35.10389,129.03639
부산역,부산 도시철도 1호선,35.11528,129.03972
초량,부산 도시철도 1호선,35.12111,129.04296
부산진,부산 도시철도 1호선,35.12778,129.04778
좌천,부산 도시철도 1호선,35.13417,129.05417
범일,부산 도시철도 1호선,35.14139,129.05944
범내골,부산 도시철도 1호선,35.14722,129.05917
서면,부산 도시철도 1호선,35.15778,129.05917
부전,부산 도시철도 1호선,35.1625,129.06278
양정,부산 도시철도 1호선,35.17304,129.07119
시청(연제),부산 도시철도 1호선,35.17972,129.07667
연산,부산 도시철도 1호선,35.18611,129.08167
교대,부산 도시철도 1호선,35.19583,129.08
동래,부산 도시철도 1호선,35.20556,129.078461
명륜,부산 도시철도 1호선,35.21222,129.07944
온천장,부산 도시철도 1호선,35.22056,129.08667
부산대,부산 도시철도 1호선,35.23,129.08944
장전,부산 도시철도 1호선,35.23806,129.08806
구서,부산 도시철도 1호선,35.247407,129.091327
두실,부산 도시철도 1호선,35.25694,129.09139
남산,부산 도시철도 1호선,35.26528,129.0925
범어사,부산 도시철도 1호선,35.27333,129.09268
노포,부산 도시철도 1호선,35.28361,129.095
장산,부산 도시철도 2호선,35.17,129.17694
중동,부산 도시철도 2호선,35.16669,129.16887
해운대,부산 도시철도 2호선,35.163518,129.158584
동백,부산 도시철도 2호선,35.16147,129.147887
벡스코,부산 도시철도 2호선,35.16911,129.138431
센텀시티,부산 도시철도 2호선,35.16892,129.131764
민락,부산 도시철도 2호선,35.16722,129.121878
수영,부산 도시철도 2호선,35.16578,129.114842
광안,부산 도시철도 2호선,35.15792,129.113197
금련산,부산 도시철도 2호선,35.14989,129.111008
남천,부산 도시철도 2호선,35.14217,129.10797
경성대·부경대,부산 도시철도 2호선,35.13757,129.10055
대연,부산 도시철도 2호선,35.13512,129.09218
못골,부산 도시철도 2호선,35.13472,129.08442
지게골,부산 도시철도 2호선,35.13558,129.07436
문현,부산 도시철도 2호선,35.13911,129.06736
국제금융센터·부산은행,부산 도시철도 2호선,35.14583,129.06672
전포,부산 도시철도 2호선,35.15311,129.06533
서면,부산 도시철도 2호선,35.15768,129.058517
부암,부산 도시철도 2호선,35.15744,129.05019
가야,부산 도시철도 2호선,35.15589,129.04283
동의대,부산 도시철도 2호선,35.15411,129.0325
개금,부산 도시철도 2호선,35.15325,129.02056
냉정,부산 도시철도 2호선,35.15125,129.01228
주례,부산 도시철도 2호선,35.1505,129.00306
감전,부산 도시철도 2호선,35.15553,128.99114
사상,부산 도시철도 2호선,35.16218,128.98467
덕포,부산 도시철도 2호선,35.17378,128.98394
모덕,부산 도시철도 2호선,35.18036,128.98561
모라,부산 도시철도 2호선,35.18967,128.98864
구남,부산 도시철도 2호선,35.19681,128.99492
구명,부산 도시철도 2호선,35.20253,128.99931
덕천,부산 도시철도 2호선,35.21011,129.00533
수정,부산 도시철도 2호선,35.22336,129.00922
화명,부산 도시철도 2호선,35.23585,129.01387
율리,부산 도시철도 2호선,35.24672,129.01292
동원,부산 도시철도 2호선,35.25864,129.01242
금곡,부산 도시철도 2호선,35.26733,129.01686
호포,부산 도시철도 2호선,35.281,129.017525
증산,부산 도시철도 2호선,35.30828,129.01028
부산대양산캠퍼스,부산 도시철도 2호선,35.31697,129.01383
남양산,부산 도시철도 2호선,35.32533,129.01942
양산,부산 도시철도 2호선,35.33851,129.02643
수영,부산 도시철도 3호선,35.16775,129.11458
망미,부산 도시철도 3호선,35.17153,129.10822
배산,부산 도시철도 3호선,35.1735,129.0955
물만골,부산 도시철도 3호선,35.17681,129.08575
연산,부산 도시철도 3호선,35.18614,129.08147
거제,부산 도시철도 3호선,35.18858,129.07394
종합운동장,부산 도시철도 3호선,35.19125,129.0675
사직,부산 도시철도 3호선,35.199,129.065
미남,부산 도시철도 3호선,35.2055,129.06806
만덕,부산 도시철도 3호선,35.213,129.0365
남산정,부산 도시철도 3호선,35.21333,129.02392
숙등,부산 도시철도 3호선,35.21197,129.01275
덕천,부산 도시철도 3호선,35.210139,129.005545
구포,부산 도시철도 3호선,35.20644,128.99631
강서구청,부산 도시철도 3호선,35.21125,128.98175
체육공원,부산 도시철도 3호선,35.21261,128.96894
대저,부산 도시철도 3호선,35.21343,128.96074
미남,부산 경량도시철도 4호선,35.20643,129.06868
동래,부산 경량도시철도 4호선,35.20466,129.07741
수안,부산 경량도시철도 4호선,35.20183,129.08378
낙민,부산 경량도시철도 4호선,35.20025,129.09078
충렬사,부산 경량도시철도 4호선,35.19986,129.09764
명장,부산 경량도시철도 4호선,35.20503,129.10161
서동,부산 경량도시철도 4호선,35.21331,129.10769
금사,부산 경량도시철도 4호선,35.21583,129.11517
반여농산물시장,부산 경량도시철도 4호선,35.21778,129.12397
석대,부산 경량도시철도 4호선,35.21825,129.13717
영산대,부산 경량도시철도 4호선,35.22578,129.14617
윗반송,부산 경량도시철도 4호선,35.2325,129.15403
고촌,부산 경량도시철도 4호선,35.23603,129.1605
안평,부산 경량도시철도 4호선,35.23733,129.17183
사상,부산김해경전철,35.1623018,128.9859408
괘법르네시떼,부산김해경전철,35.1632616,128.9776836
서부산유통지구,부산김해경전철,35.16640204,128.9548881
공항,부산김해경전철,35.171906,128.948586
덕두,부산김해경전철,35.182001,128.954198
등구,부산김해경전철,35.196143,128.963599
대저,부산김해경전철,35.213066,128.960562
평강,부산김해경전철,35.214105,128.950825
대사,부산김해경전철,35.217657,128.938417
불암,부산김해경전철,35.222162,128.927893
지내,부산김해경전철,35.2275,128.923721
김해대학,부산김해경전철,35.22899,128.915612
인제대,부산김해경전철,35.228099,128.901736
김해시청,부산김해경전철,35.227103,128.89041
부원,부산김해경전철,35.22646624,128.8838997
봉황,부산김해경전철,35.22726757,128.8743069
수로왕릉,부산김해경전철,35.2328215,128.8721409
박물관,부산김해경전철,35.24006467,128.8718628
연지공원,부산김해경전철,35.24965763,128.8692908
장신대,부산김해경전철,35.25955642,128.8671142
가야대,부산김해경전철,35.26672721,128.8650703
부전역,동해선,35.164668,129.06011
거제해맞이역,동해선,35.181197,129.069015
거제역,동해선,35.18958,129.074385
교대역,동해선,35.1938,129.07958
동래역,동해선,35.204714,129.0773502
안락역,동해선,35.196007,129.101062
재송역,동해선,35.188,129.120109
센텀역,동해선,35.1793,129.1245
벡스코역,동해선,35.1717,129.135958
신해운대역,동해선,35.181832,129.176696
송정역,동해선,35.187832,129.202069
오시리아역,동해선,35.196256,129.208291
기장역,동해선,35.244627,129.2188951
일광역,동해선,35.2675565,129.2330307
부산원동역,동해선,35.1938,129.113709
좌천역,동해선,35.311838,129.245197
월내역,동해선,35.328177,129.276626
서생역,동해선,35.346121,129.29304
남창역,동해선,35.419713,129.28223
망양역,동해선,35.456519,129.287856
덕하역,동해선,35.494007,129.303094
